"Reference","Value","Footprint","Qty","MPN","Manufacturer","Datasheet","DNP"
"C1,C2,C5,C6,C9","100nF","Capacitor_SMD:C_0603_1608Metric","5","CL10B104KB8NNNC","Samsung","",""
"C3,C4","22uF","Capacitor_SMD:C_1206_3216Metric","2","CL31A226KAHNNNE","Samsung","",""
"C7","10uF","Capacitor_SMD:C_0805_2012Metric","1","CL21A106KAYNNNE","Samsung","",""
"C8","4.7uF","Capacitor_SMD:C_0805_2012Metric","1","CL21A475KAQNNNE","Samsung","",""
"R1,R2","10k","Resistor_SMD:R_0603_1608Metric","2","RC0603FR-0710KL","Yageo","",""
"R3","100k","Resistor_SMD:R_0603_1608Metric","1","RC0603FR-07100KL","Yageo","",""
"R4","31.6k","Resistor_SMD:R_0603_1608Metric","1","RC0603FR-0731K6L","Yageo","",""
"R5,R6","5.1k","Resistor_SMD:R_0603_1608Metric","2","RC0603FR-075K1L","Yageo","",""
"R7","0R","Resistor_SMD:R_0603_1608Metric","1","RC0603JR-070RL","Yageo","","DNP"
"L1","4.7uH","Inductor_SMD:L_Bourns_SRN6045TA","1","SRN6045TA-4R7M","Bourns","https://www.bourns.com/docs/Product-Datasheets/SRN6045TA.pdf",""
"U1","TPS62133","Package_DFN_QFN:Texas_RGT0016C","1","TPS62133RGTR","Texas Instruments","https://www.ti.com/lit/ds/symlink/tps62133.pdf",""
"U2","STM32G031K8","Package_QFP:LQFP-32_7x7mm_P0.8mm","1","STM32G031K8T6","STMicroelectronics","https://www.st.com/resource/en/datasheet/stm32g031k8.pdf",""
"U3","USBLC6-2SC6","Package_TO_SOT_SMD:SOT-23-6","1","USBLC6-2SC6","STMicroelectronics","",""
"D1","LED_Green","LED_SMD:LED_0603_1608Metric","1","150060GS75000","Wurth Elektronik","",""
"J1","USB_C_Receptacle","Connector_USB:USB_C_Receptacle_GCT_USB4105","1","USB4105-GF-A","GCT","",""
"J2","Conn_01x04","Connector_JST:JST_PH_B4B-PH-K_1x04_P2.00mm_Vertical","1","B4B-PH-K-S","JST","",""
"Q1","AO3401A","Package_TO_SOT_SMD:SOT-23","1","AO3401A","Alpha & Omega","",""
